Date,Demand,Temperature,Holiday
2011-12-31,82.53174591800001,27.7,1
2012-01-01,227.778257304,33.15,1
2012-01-02,275.49098888199995,39.6,1
2012-01-03,258.955329422,29.6,0
2012-01-04,213.792376946,22.4,0
2012-01-05,211.06642655000002,21.2,0
2012-01-06,205.33871462,25.75,0
2012-01-07,200.69327029800002,29.0,0
2012-01-08,200.06161473799997,27.8,0
2012-01-09,216.201836844,24.0,0
2012-01-10,217.17690791,19.6,0
2012-01-11,217.51747501,18.8,0
2012-01-12,217.586174464,20.9,0
2012-01-13,207.841939388,20.2,0
2012-01-14,189.761960344,19.7,0
2012-01-15,202.28468275600002,26.75,0
2012-01-16,266.364444274,32.8,0
2012-01-17,292.45868544599995,34.0,0
2012-01-18,247.72249425600003,23.2,0
2012-01-19,240.187677944,22.9,0
2012-01-20,225.03532547599997,21.9,0
2012-01-21,207.94985991,27.4,0
2012-01-22,239.81037421800002,32.2,0
2012-01-23,280.18829877400003,32.6,0
2012-01-24,287.47481664599997,34.4,0
2012-01-25,239.08368438,24.0,1
2012-01-26,214.239304588,24.05,1
2012-01-27,247.864545244,30.0,0
2012-01-28,246.157781496,30.8,0
2012-01-29,273.88275019199995,34.6,0
2012-01-30,257.241906512,31.8,0
2012-01-31,228.254907978,19.5,0
2012-02-01,230.665817198,23.7,0
2012-02-02,237.88065627199998,26.4,0
2012-02-03,233.603044278,27.7,0
2012-02-04,231.199657566,32.6,0
2012-02-05,217.637392242,31.1,0
2012-02-06,230.08516670199998,22.8,0
2012-02-07,228.61085977200003,21.6,0
2012-02-08,228.077899266,21.4,0
2012-02-09,234.24717426599997,24.8,0
2012-02-10,222.08947112599998,25.6,0
2012-02-11,195.587745634,21.3,0
2012-02-12,207.883898364,22.5,0
2012-02-13,236.192401168,24.0,0
2012-02-14,250.611501006,28.7,0
2012-02-15,276.46380218400003,33.1,0
2012-02-16,256.0977195,26.7,0
2012-02-17,225.04042444600003,23.4,0
2012-02-18,208.380953922,25.8,0
2012-02-19,226.37962987,29.0,0
2012-02-20,238.50135824,23.3,0
2012-02-21,236.78745435000002,24.1,0
2012-02-22,242.65987832000002,25.9,0
2012-02-23,249.533822648,24.8,0
2012-02-24,272.065857128,35.7,0
2012-02-25,267.429008882,36.3,0
2012-02-26,272.11905890599996,32.8,0
2012-02-27,253.556989398,24.8,0
2012-02-28,233.459567588,20.8,0
2012-02-29,232.6023715,23.2,0
2012-03-01,228.117349736,20.5,0
2012-03-02,214.07702272,22.7,0
2012-03-03,195.96173220999998,22.35,0
2012-03-04,201.885097266,25.8,0
2012-03-05,225.458425954,22.2,0
2012-03-06,226.961519708,21.9,0
2012-03-07,227.66611945199998,21.6,0
2012-03-08,228.23472523600003,21.4,0
2012-03-09,214.099785104,25.1,0
2012-03-10,187.804780196,21.6,0
2012-03-11,184.799846194,20.4,1
2012-03-12,204.09095406800003,23.1,1
2012-03-13,244.041543924,29.1,0
2012-03-14,261.33673518999996,31.6,0
2012-03-15,245.00688177,26.8,0
2012-03-16,210.376384226,23.1,0
2012-03-17,183.35044323,21.3,0
2012-03-18,198.071191868,22.4,0
2012-03-19,233.64200834599998,27.8,0
2012-03-20,242.704655,27.1,0
2012-03-21,223.97334720799998,20.0,0
2012-03-22,223.770453808,19.9,0
2012-03-23,214.35826856,17.0,0
2012-03-24,191.636992004,18.0,0
2012-03-25,204.24435502199998,18.2,0
2012-03-26,223.744954604,19.8,0
2012-03-27,223.824745712,20.0,0
2012-03-28,225.13067704800002,23.1,0
2012-03-29,227.17614133199996,25.4,0
2012-03-30,219.899188768,27.7,0
2012-03-31,189.141604834,28.8,0
2012-04-01,194.33358407799997,20.7,0
2012-04-02,224.898753474,24.8,0
2012-04-03,230.10899405400002,25.4,0
2012-04-04,229.53249810000003,24.9,0
2012-04-05,217.02490985600002,26.7,1
2012-04-06,186.33246929799998,28.1,1
2012-04-07,179.92435793400003,18.7,0
2012-04-08,179.984761658,19.2,1
2012-04-09,206.71175869799998,14.7,1
2012-04-10,230.21610008599998,16.75,0
2012-04-11,226.80373981999998,18.8,0
2012-04-12,224.408544452,22.8,0
2012-04-13,212.50170500200002,24.3,0
2012-04-14,188.03908569,24.5,0
2012-04-15,198.33935798,26.6,0
2012-04-16,225.930663404,20.4,0
2012-04-17,225.780737352,22.8,0
2012-04-18,228.660336198,24.1,0
2012-04-19,229.802076672,23.5,0
2012-04-20,214.934234856,22.2,0
2012-04-21,188.26894680799998,23.1,0
2012-04-22,196.66558264599996,23.0,0
2012-04-23,230.431652088,18.5,0
2012-04-24,232.788589992,15.0,1
2012-04-25,217.32246155999997,15.4,1
2012-04-26,235.11252995,17.3,0
2012-04-27,218.89809335599998,19.5,0
2012-04-28,192.931395336,21.1,0
2012-04-29,210.74702156200001,17.0,0
2012-04-30,234.40673048000002,18.3,0
2012-05-01,228.877332928,22.1,0
2012-05-02,247.10530031,14.4,0
2012-05-03,252.91427919400002,14.3,0
2012-05-04,232.73966895599997,16.4,0
2012-05-05,211.63079895200002,13.9,0
2012-05-06,219.30507258599997,15.8,0
2012-05-07,242.50271967800003,15.75,0
2012-05-08,229.17606865,20.0,0
2012-05-09,232.94676370000002,21.9,0
2012-05-10,233.16468919200003,20.5,0
2012-05-11,227.035696774,18.4,0
2012-05-12,212.08202570600002,15.6,0
2012-05-13,224.90824318999998,14.4,0
2012-05-14,251.26894061400003,16.3,0
2012-05-15,248.964263652,17.7,0
2012-05-16,248.45545017999999,16.3,0
2012-05-17,244.54246820199998,18.2,0
2012-05-18,233.273268962,16.8,0
2012-05-19,215.90570483599998,15.2,0
2012-05-20,228.876376544,16.3,0
2012-05-21,252.85904322,16.2,0
2012-05-22,249.856036454,18.1,0
2012-05-23,241.664123056,20.2,0
2012-05-24,251.81604829,15.4,0
2012-05-25,253.04266974799998,12.5,0
2012-05-26,215.49650236600002,15.5,0
2012-05-27,230.338049696,14.6,0
2012-05-28,257.206654448,15.0,0
2012-05-29,256.321276764,14.7,0
2012-05-30,257.750124328,14.4,0
2012-05-31,254.662397158,16.8,0
2012-06-01,244.65637474200003,17.4,0
2012-06-02,223.55926411400003,16.1,0
2012-06-03,234.9445052,13.4,0
2012-06-04,264.598717784,14.0,0
2012-06-05,264.569668518,12.3,0
2012-06-06,256.08578279799997,14.5,0
2012-06-07,257.430207848,13.8,0
2012-06-08,243.566082076,14.8,0
2012-06-09,216.787279286,12.6,0
2012-06-10,218.40024011399998,12.7,1
2012-06-11,235.03433996400003,11.5,1
2012-06-12,258.328713062,16.4,0
2012-06-13,254.59941495,16.4,0
2012-06-14,256.181159278,15.2,0
2012-06-15,238.920535294,16.2,0
2012-06-16,214.25495634199999,14.7,0
2012-06-17,229.051527894,15.0,0
2012-06-18,252.17464139399996,15.4,0
2012-06-19,259.950902222,14.0,0
2012-06-20,264.10366786400004,13.4,0
2012-06-21,271.16154984400004,11.0,0
2012-06-22,253.76648996,12.4,0
2012-06-23,222.411918908,13.4,0
2012-06-24,225.13789006200003,15.6,0
2012-06-25,258.46823939399997,15.3,0
2012-06-26,268.878967932,11.8,0
2012-06-27,264.640796638,13.2,0
2012-06-28,255.44634833,14.2,0
2012-06-29,244.228600846,13.6,0
2012-06-30,218.468116926,12.2,0
2012-07-01,237.09048563800002,10.3,0
2012-07-02,257.7848841,12.3,0
2012-07-03,255.70758432199997,14.0,0
2012-07-04,261.811366108,13.3,0
2012-07-05,262.22811906,13.1,0
2012-07-06,253.25063779799999,12.1,0
2012-07-07,226.92880274799998,13.5,0
2012-07-08,233.8863163,14.6,0
2012-07-09,251.151045878,15.8,0
2012-07-10,257.213576858,14.1,0
2012-07-11,251.214834618,15.4,0
2012-07-12,255.81272265,13.8,0
2012-07-13,237.366455338,14.5,0
2012-07-14,219.71610528399998,13.5,0
2012-07-15,224.90162721599998,14.9,0
2012-07-16,246.266356546,16.3,0
2012-07-17,245.275970938,16.1,0
2012-07-18,258.759304394,14.4,0
2012-07-19,254.274203748,14.2,0
2012-07-20,238.06770941599999,14.9,0
2012-07-21,208.11745107000002,16.7,0
2012-07-22,223.36462667799998,16.5,0
2012-07-23,251.64625188,15.4,0
2012-07-24,252.76979993799998,15.0,0
2012-07-25,252.35192800399997,15.0,0
2012-07-26,254.61171783,12.5,0
2012-07-27,242.74381399,13.7,0
2012-07-28,220.327833688,14.8,0
2012-07-29,232.17689571399998,12.1,0
2012-07-30,261.074542182,15.3,0
2012-07-31,259.574196518,14.8,0
2012-08-01,262.5557672,13.4,0
2012-08-02,262.84470858,12.0,0
2012-08-03,234.261213026,15.7,0
2012-08-04,208.50396286600002,15.8,0
2012-08-05,225.066394846,16.7,0
2012-08-06,257.471948152,13.2,0
2012-08-07,248.546423658,15.9,0
2012-08-08,264.53086604,10.7,0
2012-08-09,265.32771943200004,11.55,0
2012-08-10,241.396911864,14.4,0
2012-08-11,214.20276448,14.8,0
2012-08-12,227.02020120799997,14.1,0
2012-08-13,247.98267350999998,15.5,0
2012-08-14,259.90400126400004,14.4,0
2012-08-15,255.178683234,14.8,0
2012-08-16,251.68981844399997,14.1,0
2012-08-17,246.561730966,11.0,0
2012-08-18,221.10210344,13.0,0
2012-08-19,225.90308787599997,13.4,0
2012-08-20,250.621318878,13.1,0
2012-08-21,244.70637700799998,16.1,0
2012-08-22,234.115921546,20.3,0
2012-08-23,244.367868802,17.5,0
2012-08-24,240.99418174800002,13.7,0
2012-08-25,213.15155407799998,13.8,0
2012-08-26,223.74404275,14.8,0
2012-08-27,244.790478312,14.6,0
2012-08-28,236.381878986,17.2,0
2012-08-29,236.44096074,20.4,0
2012-08-30,253.371735224,13.2,0
2012-08-31,234.395196406,14.0,0
2012-09-01,206.340670568,14.5,0
2012-09-02,203.64928285800002,18.5,0
2012-09-03,226.048759784,21.5,0
2012-09-04,218.77590776199997,23.4,0
2012-09-05,227.575902474,19.9,0
2012-09-06,231.41080807600002,18.0,0
2012-09-07,229.837732394,14.8,0
2012-09-08,204.50432912,15.3,0
2012-09-09,206.223327566,17.9,0
2012-09-10,230.366957482,18.0,0
2012-09-11,224.834585682,21.4,0
2012-09-12,226.80225494999996,20.6,0
2012-09-13,239.94701621000004,13.6,0
2012-09-14,228.21443682,15.2,0
2012-09-15,200.33285061800004,15.5,0
2012-09-16,209.102707426,16.2,0
2012-09-17,233.1574659,16.5,0
2012-09-18,238.66130414600002,17.0,0
2012-09-19,229.89657005599997,17.2,0
2012-09-20,223.971397968,22.2,0
2012-09-21,217.85601218600002,17.7,0
2012-09-22,186.76957176800002,20.8,0
2012-09-23,198.946307786,18.8,0
2012-09-24,232.427988222,14.4,0
2012-09-25,225.54458455600002,17.9,0
2012-09-26,218.187281364,22.0,0
2012-09-27,217.85102330399997,26.1,0
2012-09-28,220.76949184799997,16.4,0
2012-09-29,202.617589204,13.2,0
2012-09-30,206.96187235,15.1,0
2012-10-01,225.536297012,17.6,0
2012-10-02,219.408700052,21.4,0
2012-10-03,216.885457442,27.0,0
2012-10-04,220.298847572,30.9,0
2012-10-05,208.699909296,17.8,0
2012-10-06,210.22501487399998,13.9,0
2012-10-07,210.87793567799997,15.1,0
2012-10-08,233.21339424200002,15.7,0
2012-10-09,231.10902270600002,17.6,0
2012-10-10,234.16956580599998,15.2,0
2012-10-11,243.72083969,13.1,0
2012-10-12,220.852098064,14.7,0
2012-10-13,191.50265648,16.6,0
2012-10-14,190.90895509399996,21.5,0
2012-10-15,216.590459002,26.2,0
2012-10-16,225.915541806,20.4,0
2012-10-17,223.563134018,16.3,0
2012-10-18,221.35585255,20.9,0
2012-10-19,209.282934408,27.8,0
2012-10-20,182.897373342,21.2,0
2012-10-21,200.93557997199997,18.7,0
2012-10-22,220.254528282,17.9,0
2012-10-23,217.29651159000002,22.1,0
2012-10-24,218.435635346,22.5,0
2012-10-25,220.337686288,20.9,0
2012-10-26,211.94136591599997,15.3,0
2012-10-27,190.28029574000004,15.1,0
2012-10-28,193.777200954,18.0,0
2012-10-29,218.698507432,26.1,0
2012-10-30,230.926965716,31.5,0
2012-10-31,230.651394006,30.0,0
2012-11-01,222.407004368,15.5,0
2012-11-02,206.833436162,16.6,0
2012-11-03,180.977045532,22.9,0
2012-11-04,193.22384472,28.9,0
2012-11-05,205.814240308,26.3,1
2012-11-06,199.21317158000002,22.5,1
2012-11-07,218.297204096,19.4,0
2012-11-08,215.19917833999997,22.8,0
2012-11-09,203.183574494,17.8,0
2012-11-10,178.31235543199998,20.3,0
2012-11-11,192.779662938,27.2,0
2012-11-12,216.49328924000002,25.9,0
2012-11-13,216.237315878,19.7,0
2012-11-14,215.90910132000002,18.9,0
2012-11-15,220.834286994,19.3,0
2012-11-16,206.28981711,18.4,0
2012-11-17,184.522189254,18.5,0
2012-11-18,194.01737065,19.1,0
2012-11-19,217.218424306,23.8,0
2012-11-20,226.13735749,28.0,0
2012-11-21,219.46577514600003,20.2,0
2012-11-22,219.925537236,20.9,0
2012-11-23,211.172732568,27.4,0
2012-11-24,201.105975826,34.1,0
2012-11-25,201.224432598,21.4,0
2012-11-26,224.69996276,21.1,0
2012-11-27,227.550054584,22.6,0
2012-11-28,251.75256415400003,31.4,0
2012-11-29,305.41714544800004,39.2,0
2012-11-30,236.231023354,26.0,0
2012-12-01,190.95354309399997,27.1,0
2012-12-02,192.937894094,20.1,0
2012-12-03,214.01876811399998,21.0,0
2012-12-04,214.290525792,18.0,0
2012-12-05,219.121682512,17.7,0
2012-12-06,219.11856582400003,23.2,0
2012-12-07,227.807972316,30.3,0
2012-12-08,210.02006638199998,36.7,0
2012-12-09,193.34165672199998,20.2,0
2012-12-10,218.62210450999999,21.8,0
2012-12-11,233.62433043599998,28.2,0
2012-12-12,271.29576026800004,33.9,0
2012-12-13,265.27336181,34.8,0
2012-12-14,222.42212415000003,22.4,0
2012-12-15,191.645580548,24.3,0
2012-12-16,194.66848153200002,22.9,0
2012-12-17,217.71749748999997,21.5,0
2012-12-18,231.942801438,27.5,0
2012-12-19,232.23317437,32.4,0
2012-12-20,212.65142236000003,22.2,0
2012-12-21,195.979586054,21.9,0
2012-12-22,196.242275512,32.5,0
2012-12-23,245.001328552,37.8,0
2012-12-24,188.06694821,25.2,1
2012-12-25,160.347108184,20.8,1
2012-12-26,176.74682895599997,23.3,1
2012-12-27,194.603921788,30.2,0
2012-12-28,180.934882676,21.2,0
2012-12-29,171.728125748,22.5,0
2012-12-30,174.704751536,20.9,0
2012-12-31,180.245297912,23.9,1
2013-01-01,183.158806756,24.5,1
2013-01-02,200.120881086,24.9,0
2013-01-03,258.08856368,36.7,0
2013-01-04,289.746824946,40.6,0
2013-01-05,203.29496289600002,25.1,0
2013-01-06,208.35902997600002,25.2,0
2013-01-07,258.87895493400003,29.3,0
2013-01-08,224.525634258,30.0,0
2013-01-09,206.53292479200002,20.2,0
2013-01-10,224.41487510000002,28.9,0
2013-01-11,236.071042938,38.2,0
2013-01-12,183.08102711,23.9,0
2013-01-13,188.51876976399996,20.7,0
2013-01-14,212.286444464,23.8,0
2013-01-15,228.06269862599999,26.4,0
2013-01-16,237.43070432,26.8,0
2013-01-17,295.64630392,40.4,0
2013-01-18,223.49054357400001,24.1,0
2013-01-19,186.84213429000002,22.8,0
2013-01-20,207.999837802,24.3,0
2013-01-21,243.0391743,24.5,0
2013-01-22,229.987013048,25.3,0
2013-01-23,228.67740293600002,25.2,0
2013-01-24,275.498867004,36.0,0
2013-01-25,218.508436174,25.4,0
2013-01-26,185.988547632,20.6,0
2013-01-27,186.586276642,23.3,1
2013-01-28,202.471393384,24.1,1
2013-01-29,217.26812211200001,21.3,0
2013-01-30,228.770482576,28.3,0
2013-01-31,226.32226591000003,23.7,0
2013-02-01,204.12794190799997,20.9,0
2013-02-02,184.24580782799998,21.3,0
2013-02-03,200.43775319800002,25.2,0
2013-02-04,224.00917541,22.1,0
2013-02-05,240.787033878,29.8,0
2013-02-06,277.992220814,36.9,0
2013-02-07,262.086237142,30.0,0
2013-02-08,235.86189130199998,29.3,0
2013-02-09,201.97699193399998,29.5,0
2013-02-10,197.61067243600002,22.9,0
2013-02-11,229.24894851800002,25.4,0
2013-02-12,235.969517786,25.3,0
2013-02-13,256.14400025000003,32.6,0
2013-02-14,259.22559767399997,32.5,0
2013-02-15,248.842400096,31.1,0
2013-02-16,232.86704246600002,34.1,0
2013-02-17,255.49610305800002,34.7,0
2013-02-18,298.97217064,36.4,0
2013-02-19,231.03969506800001,20.0,0
2013-02-20,237.174983884,29.1,0
2013-02-21,249.994791066,31.8,0
2013-02-22,243.539933356,32.2,0
2013-02-23,224.207645604,31.2,0
2013-02-24,251.62957409999996,34.2,0
2013-02-25,271.169450858,28.6,0
2013-02-26,251.637968054,27.0,0
2013-02-27,231.230330648,27.1,0
2013-02-28,212.697143996,20.9,0
2013-03-01,201.16006983399996,24.3,0
2013-03-02,183.460774808,26.4,0
2013-03-03,209.03590683,27.2,0
2013-03-04,252.43886545400002,31.5,0
2013-03-05,263.593063846,33.0,0
2013-03-06,281.574977644,33.3,0
2013-03-07,289.961918528,34.7,0
2013-03-08,276.403473236,32.7,0
2013-03-09,251.063346472,35.4,0
2013-03-10,238.25951944800002,34.8,1
2013-03-11,279.601987914,36.3,1
2013-03-12,316.222138122,36.0,0
2013-03-13,239.703706598,25.9,0
2013-03-14,228.248873318,24.1,0
2013-03-15,214.233316476,23.1,0
2013-03-16,188.857893026,22.9,0
2013-03-17,200.626241794,19.8,0
2013-03-18,223.031921954,21.2,0
2013-03-19,224.120046094,23.2,0
2013-03-20,234.46223444600002,28.4,0
2013-03-21,225.57371074,23.2,0
2013-03-22,211.31864759,19.9,0
2013-03-23,189.857680546,23.9,0
2013-03-24,202.513994986,25.0,0
2013-03-25,228.103546186,23.4,0
2013-03-26,246.68475663799995,31.0,0
2013-03-27,262.79729075,35.4,0
2013-03-28,201.04703826,21.0,1
2013-03-29,179.840405872,19.0,1
2013-03-30,181.52813074600002,22.2,0
2013-03-31,179.46394819199998,19.1,1
2013-04-01,194.34974307200002,19.8,1
2013-04-02,218.49795058399997,19.4,0
2013-04-03,220.238633048,17.0,0
2013-04-04,219.281633586,20.4,0
2013-04-05,207.476703904,24.5,0
2013-04-06,185.822027212,27.9,0
2013-04-07,198.20454902799997,27.1,0
2013-04-08,223.801940826,22.9,0
2013-04-09,224.228683076,22.7,0
2013-04-10,224.256355878,24.4,0
2013-04-11,225.292830044,17.9,0
2013-04-12,215.4233428,24.0,0
2013-04-13,192.37273568599997,24.2,0
2013-04-14,199.458689864,22.4,0
2013-04-15,226.50668695000002,15.8,0
2013-04-16,225.83731071399998,19.9,0
2013-04-17,229.178805376,19.2,0
2013-04-18,231.531151068,17.9,0
2013-04-19,216.78135599,17.3,0
2013-04-20,193.90781348399997,18.4,0
2013-04-21,201.47805296599998,20.2,0
2013-04-22,229.17588838999998,17.0,0
2013-04-23,226.98439722799998,19.3,0
2013-04-24,216.189338928,20.3,1
2013-04-25,196.150136352,20.9,1
2013-04-26,204.28064365599997,23.1,0
2013-04-27,184.23715995600003,24.4,0
2013-04-28,202.82868769799998,19.1,0
2013-04-29,232.10648166,18.1,0
2013-04-30,235.77618860200002,19.1,0
2013-05-01,243.71732667,15.7,0
2013-05-02,235.87862127199998,18.2,0
2013-05-03,217.107051306,19.0,0
2013-05-04,199.512495656,17.0,0
2013-05-05,214.20439103200002,14.7,0
2013-05-06,234.39924666599998,18.8,0
2013-05-07,237.556231562,19.8,0
2013-05-08,229.97666001999997,22.6,0
2013-05-09,226.340859044,25.0,0
2013-05-10,214.83526604200003,24.5,0
2013-05-11,187.324696214,24.4,0
2013-05-12,198.07009407599998,21.8,0
2013-05-13,233.7356918,16.5,0
2013-05-14,244.361006856,13.2,0
2013-05-15,242.82428154200002,16.0,0
2013-05-16,247.263514012,15.4,0
2013-05-17,230.47832147200003,15.7,0
2013-05-18,210.492688498,14.3,0
2013-05-19,215.34562326600002,17.3,0
2013-05-20,252.06151008600003,13.8,0
2013-05-21,246.033329586,16.0,0
2013-05-22,253.26306410200002,15.1,0
2013-05-23,247.10026288600002,16.8,0
2013-05-24,230.58671577999996,15.9,0
2013-05-25,202.462330404,18.4,0
2013-05-26,215.54625033000002,16.1,0
2013-05-27,247.60434917400002,15.4,0
2013-05-28,244.187121782,18.3,0
2013-05-29,237.587680122,18.7,0
2013-05-30,243.761139822,16.3,0
2013-05-31,222.967378156,18.3,0
2013-06-01,205.94348160200002,16.1,0
2013-06-02,218.168675148,17.6,0
2013-06-03,246.652525944,15.2,0
2013-06-04,245.56265498599998,15.3,0
2013-06-05,248.313051234,14.1,0
2013-06-06,240.387519416,17.0,0
2013-06-07,234.38048901199997,15.8,0
2013-06-08,210.940437238,15.8,0
2013-06-09,211.71607802399998,14.3,1
2013-06-10,221.161261304,15.8,1
2013-06-11,249.769018576,14.8,0
2013-06-12,256.707428898,13.3,0
2013-06-13,255.71852681000001,12.9,0
2013-06-14,241.83350597,15.0,0
2013-06-15,217.436572584,14.6,0
2013-06-16,228.01628378,14.4,0
2013-06-17,260.797175504,12.1,0
2013-06-18,255.471327868,14.9,0
2013-06-19,259.762900066,14.8,0
2013-06-20,260.511847712,15.0,0
2013-06-21,242.269730964,14.7,0
2013-06-22,216.257622174,14.6,0
2013-06-23,230.191695502,14.1,0
2013-06-24,265.47626624599997,12.0,0
2013-06-25,257.873027218,17.0,0
2013-06-26,258.796231306,17.2,0
2013-06-27,253.60637925999998,16.8,0
2013-06-28,235.7291176,16.4,0
2013-06-29,217.255618184,14.3,0
2013-06-30,214.79816633,17.5,0
2013-07-01,240.63500146200002,17.9,0
2013-07-02,235.908596852,18.7,0
2013-07-03,239.02438215799995,15.5,0
2013-07-04,247.078881108,15.8,0
2013-07-05,235.143234952,13.4,0
2013-07-06,213.20962285,15.1,0
2013-07-07,226.84066823,13.4,0
2013-07-08,258.172031214,13.9,0
2013-07-09,262.21985947999997,13.8,0
2013-07-10,258.124219384,14.9,0
2013-07-11,258.561648162,15.7,0
2013-07-12,233.32748581599998,16.9,0
2013-07-13,211.99659834599998,15.1,0
2013-07-14,219.3862572,16.0,0
2013-07-15,238.22886881399998,19.3,0
2013-07-16,239.249346494,16.5,0
2013-07-17,234.44703810000001,18.8,0
2013-07-18,229.58229033799998,23.1,0
2013-07-19,224.42070304599997,16.8,0
2013-07-20,224.412768788,9.5,0
2013-07-21,231.096804508,10.2,0
2013-07-22,259.542431106,13.9,0
2013-07-23,257.03532463,13.5,0
2013-07-24,256.066265026,14.1,0
2013-07-25,258.448192152,11.6,0
2013-07-26,233.263783316,14.8,0
2013-07-27,205.63181778400002,13.8,0
2013-07-28,216.14786661800002,17.8,0
2013-07-29,233.20823047399998,18.9,0
2013-07-30,246.141566156,15.6,0
2013-07-31,246.859681536,15.0,0
2013-08-01,245.00016760000003,14.0,0
2013-08-02,241.986215384,13.8,0
2013-08-03,217.310198496,12.8,0
2013-08-04,220.62135992200004,14.0,0
2013-08-05,243.98076527799998,15.3,0
2013-08-06,247.19450654,16.7,0
2013-08-07,256.443160762,13.5,0
2013-08-08,251.52341732800002,14.6,0
2013-08-09,248.75172150799997,12.3,0
2013-08-10,203.41621949800003,17.5,0
2013-08-11,210.79127844200002,15.6,0
2013-08-12,247.929268988,14.3,0
2013-08-13,239.09512159599998,16.1,0
2013-08-14,253.382525762,14.1,0
2013-08-15,239.60683094,17.0,0
2013-08-16,220.29780351,17.3,0
2013-08-17,202.862365522,15.1,0
2013-08-18,215.869610948,17.3,0
2013-08-19,257.380256104,12.9,0
2013-08-20,257.475216622,12.9,0
2013-08-21,249.328277546,13.6,0
2013-08-22,248.276801988,15.1,0
2013-08-23,235.639541648,15.1,0
2013-08-24,204.30954307200003,16.6,0
2013-08-25,210.90386640199998,17.2,0
2013-08-26,233.16987818599998,18.9,0
2013-08-27,227.170057654,19.9,0
2013-08-28,222.017704912,22.1,0
2013-08-29,223.549469362,22.8,0
2013-08-30,208.10539105799998,19.1,0
2013-08-31,179.64622581400002,22.1,0
2013-09-01,187.08520697999998,22.6,0
2013-09-02,215.623396324,21.0,0
2013-09-03,217.12378449999997,24.4,0
2013-09-04,219.60649594,23.6,0
2013-09-05,224.99712851400002,19.4,0
2013-09-06,215.055968682,15.1,0
2013-09-07,189.351622032,19.4,0
2013-09-08,195.01714405599998,17.6,0
2013-09-09,216.87569928200003,22.7,0
2013-09-10,224.92970316999998,16.4,0
2013-09-11,228.29296437,17.5,0
2013-09-12,235.35707995599998,15.6,0
2013-09-13,222.263770394,15.4,0
2013-09-14,188.30698756200002,18.3,0
2013-09-15,191.90510124600002,21.0,0
2013-09-16,231.469724396,16.6,0
2013-09-17,222.13318463000002,19.3,0
2013-09-18,230.611553374,20.0,0
2013-09-19,231.39219082399998,16.8,0
2013-09-20,218.80669367000002,17.8,0
2013-09-21,186.64872529000002,18.9,0
2013-09-22,190.5293193,20.9,0
2013-09-23,214.22719866,23.2,0
2013-09-24,213.304603888,23.5,0
2013-09-25,215.057929664,24.2,0
2013-09-26,225.412375578,16.1,0
2013-09-27,204.467091862,20.0,0
2013-09-28,188.874140498,16.3,0
2013-09-29,186.166045566,20.8,0
2013-09-30,215.053601624,23.6,0
2013-10-01,220.27827206799998,17.2,0
2013-10-02,226.74611635199997,16.9,0
2013-10-03,224.37362105000003,16.2,0
2013-10-04,201.249424746,20.6,0
2013-10-05,181.51038059199996,24.9,0
2013-10-06,196.75827162999997,16.5,0
2013-10-07,215.586782558,17.5,0
2013-10-08,212.308216306,21.7,0
2013-10-09,216.136767176,26.6,0
2013-10-10,222.73841152199998,15.7,0
2013-10-11,198.125035232,20.6,0
2013-10-12,175.57352629800002,25.0,0
2013-10-13,205.78462041199998,16.2,0
2013-10-14,227.225561056,14.8,0
2013-10-15,216.46175866600004,19.1,0
2013-10-16,214.46532513399998,27.2,0
2013-10-17,226.397383938,15.3,0
2013-10-18,199.667101374,21.5,0
2013-10-19,179.224340574,26.1,0
2013-10-20,198.683416962,31.1,0
2013-10-21,224.25305067000002,17.2,0
2013-10-22,228.47486783399998,16.3,0
2013-10-23,228.02651766600002,15.0,0
2013-10-24,232.606250458,15.3,0
2013-10-25,214.62077989,15.5,0
2013-10-26,190.88164534599997,17.0,0
2013-10-27,203.89267560000002,17.6,0
2013-10-28,226.53882503399998,18.2,0
2013-10-29,226.25514425400002,17.7,0
2013-10-30,224.01999381999997,19.6,0
2013-10-31,219.89232213,17.8,0
2013-11-01,201.678339604,22.2,0
2013-11-02,181.660813998,25.4,0
2013-11-03,191.79661458599998,17.4,0
2013-11-04,196.13381338399998,17.5,1
2013-11-05,194.519734706,25.2,1
2013-11-06,226.51888148199998,30.3,0
2013-11-07,224.025054078,25.5,0
2013-11-08,211.43386878400003,18.2,0
2013-11-09,188.179418772,16.9,0
2013-11-10,198.26575736799998,17.8,0
2013-11-11,225.97890944600002,19.3,0
2013-11-12,234.50107618399997,15.7,0
2013-11-13,237.061994572,15.2,0
2013-11-14,226.11671502,16.8,0
2013-11-15,209.06130108,18.5,0
2013-11-16,184.348197112,17.8,0
2013-11-17,193.84922244199998,20.3,0
2013-11-18,222.904103064,27.5,0
2013-11-19,227.004827376,30.2,0
2013-11-20,222.540612832,18.6,0
2013-11-21,216.889874848,23.5,0
2013-11-22,202.29678331600002,22.5,0
2013-11-23,182.05187888999998,19.5,0
2013-11-24,192.19787292200002,19.2,0
2013-11-25,211.51006227,22.5,0
2013-11-26,222.130235754,28.4,0
2013-11-27,245.040198624,32.7,0
2013-11-28,221.51012552999998,21.1,0
2013-11-29,204.01371149800002,19.1,0
2013-11-30,178.599896912,22.9,0
2013-12-01,206.54764393600001,30.9,0
2013-12-02,256.861451332,35.4,0
2013-12-03,234.90943380200002,24.1,0
2013-12-04,218.428995792,18.3,0
2013-12-05,224.455707604,15.9,0
2013-12-06,200.19215141200002,19.0,0
2013-12-07,177.41418995,26.4,0
2013-12-08,199.293260278,27.4,0
2013-12-09,218.528610326,18.3,0
2013-12-10,212.73420025,20.4,0
2013-12-11,215.011425796,20.2,0
2013-12-12,214.993478792,23.3,0
2013-12-13,206.50481654799998,22.2,0
2013-12-14,180.24718830799998,19.6,0
2013-12-15,193.25355305600002,20.7,0
2013-12-16,219.99193360200002,20.9,0
2013-12-17,225.126095924,21.3,0
2013-12-18,243.686647524,32.2,0
2013-12-19,288.71996406799997,39.3,0
2013-12-20,220.660723898,23.3,0
2013-12-21,194.89890930400003,20.9,0
2013-12-22,200.05804027599999,28.3,0
2013-12-23,195.74883732800004,17.9,0
2013-12-24,182.166292852,23.2,1
2013-12-25,178.485823248,31.3,1
2013-12-26,184.79215427,27.4,1
2013-12-27,188.06902885200003,27.3,0
2013-12-28,188.395222982,35.7,0
2013-12-29,174.85071142,20.2,0
2013-12-30,183.444108,21.9,0
2013-12-31,179.461314732,25.1,1
2014-01-01,179.453793672,26.0,1
2014-01-02,190.778816406,23.0,0
2014-01-03,182.892121262,22.2,0
2014-01-04,171.28581189399998,20.3,0
2014-01-05,179.734299604,26.1,0
2014-01-06,199.14040199399997,19.6,0
2014-01-07,200.055768832,20.0,0
2014-01-08,206.971020682,27.4,0
2014-01-09,235.14708650199998,32.4,0
2014-01-10,250.119336336,34.0,0
2014-01-11,191.894483412,22.0,0
2014-01-12,201.83097182199998,22.5,0
2014-01-13,270.42112175799997,35.5,0
2014-01-14,343.6762608160001,42.4,0
2014-01-15,338.575954304,41.5,0
2014-01-16,351.459558454,43.2,0
2014-01-17,301.4441175,43.1,0
2014-01-18,202.88102354600002,23.0,0
2014-01-19,202.30973592,22.3,0
2014-01-20,228.90302243999997,24.0,0
2014-01-21,221.02329301999998,23.1,0
2014-01-22,220.12277307600002,23.3,0
2014-01-23,246.752551622,29.6,0
2014-01-24,205.657902474,22.1,0
2014-01-25,176.759713194,20.3,0
2014-01-26,187.05510351799998,27.0,1
2014-01-27,257.265786436,34.5,1
2014-01-28,304.7688680819999,41.4,0
2014-01-29,237.68070536999997,24.5,0
2014-01-30,263.565984092,29.2,0
2014-01-31,246.88087037000003,26.8,0
2014-02-01,238.540180718,29.2,0
2014-02-02,292.086671658,38.6,0
2014-02-03,243.18540997800002,33.9,0
2014-02-04,222.055910038,25.7,0
2014-02-05,242.97348301,30.5,0
2014-02-06,286.27942375000003,35.1,0
2014-02-07,267.136732442,35.6,0
2014-02-08,283.42642033,40.0,0
2014-02-09,230.975544258,39.5,0
2014-02-10,226.45919218400002,24.7,0
2014-02-11,242.78020770600003,26.2,0
2014-02-12,256.70466122199997,26.9,0
2014-02-13,247.893870954,26.6,0
2014-02-14,230.960391106,26.6,0
2014-02-15,202.11542365200003,28.7,0
2014-02-16,187.784771052,23.0,0
2014-02-17,220.022598662,25.3,0
2014-02-18,235.39987594200002,30.2,0
2014-02-19,216.27083000200003,25.4,0
2014-02-20,213.731713228,20.3,0
2014-02-21,201.521370966,20.4,0
2014-02-22,180.30801558399997,19.6,0
2014-02-23,192.10709412800003,22.9,0
2014-02-24,227.67512415800002,28.6,0
2014-02-25,235.95831738799998,32.7,0
2014-02-26,219.240905702,21.8,0
2014-02-27,215.884190982,21.5,0
2014-02-28,206.025972764,23.5,0
2014-03-01,187.941286028,23.1,0
2014-03-02,197.756070566,22.3,0
2014-03-03,233.32991190200002,26.8,0
2014-03-04,260.334545326,33.3,0
2014-03-05,225.37621575000003,20.3,0
2014-03-06,215.90510943799998,20.8,0
2014-03-07,204.575213042,22.5,0
2014-03-08,191.214589522,27.8,0
2014-03-09,205.63099458599999,32.7,1
2014-03-10,227.53371740999998,32.1,1
2014-03-11,238.89566987400002,31.1,0
2014-03-12,218.26451211,21.8,0
2014-03-13,219.42056933600003,22.7,0
2014-03-14,214.167573282,26.2,0
2014-03-15,182.504880162,29.1,0
2014-03-16,187.690550476,20.3,0
2014-03-17,216.296045462,24.7,0
2014-03-18,216.972098092,24.1,0
2014-03-19,216.199678702,22.2,0
2014-03-20,229.43403507599996,30.7,0
2014-03-21,208.39279631200003,22.9,0
2014-03-22,181.547741064,19.4,0
2014-03-23,193.57111214,18.7,0
2014-03-24,215.262250338,18.8,0
2014-03-25,212.847828436,24.4,0
2014-03-26,219.637279488,26.9,0
2014-03-27,221.694062934,25.3,0
2014-03-28,202.756951424,21.5,0
2014-03-29,180.54594526200003,23.6,0
2014-03-30,196.27557341800002,25.9,0
2014-03-31,237.76975034999998,30.1,0
2014-04-01,256.76304432,32.9,0
2014-04-02,229.257624274,24.8,0
2014-04-03,221.86180853000002,18.2,0
2014-04-04,208.583519436,19.7,0
2014-04-05,184.72151341200004,24.1,0
2014-04-06,192.670756734,24.3,0
2014-04-07,222.68926665,24.5,0
2014-04-08,227.18352884599997,22.0,0
2014-04-09,223.91339097399998,17.8,0
2014-04-10,223.28647268,18.9,0
2014-04-11,211.745226204,18.9,0
2014-04-12,185.07946091,22.4,0
2014-04-13,191.040714442,21.5,0
2014-04-14,215.382042288,20.7,0
2014-04-15,217.063958546,21.1,0
2014-04-16,219.246869016,21.6,0
2014-04-17,200.415680684,24.3,1
2014-04-18,178.51515863999998,18.8,1
2014-04-19,183.515320284,17.3,0
2014-04-20,178.33086921799998,18.3,1
2014-04-21,192.41286418599998,18.1,1
2014-04-22,223.56955816800001,16.6,0
2014-04-23,218.062377284,19.2,0
2014-04-24,210.664815044,18.3,1
2014-04-25,184.401673274,20.5,1
2014-04-26,190.042569666,19.2,0
2014-04-27,199.400457742,17.2,0
2014-04-28,221.86489015599997,22.3,0
2014-04-29,229.637723374,19.8,0
2014-04-30,231.216580272,17.6,0
2014-05-01,232.59549243,15.6,0
2014-05-02,225.920259322,13.9,0
2014-05-03,201.53073707599998,17.0,0
2014-05-04,216.45373074,13.7,0
2014-05-05,240.58840534200002,16.4,0
2014-05-06,241.878063876,16.0,0
2014-05-07,243.487644488,16.2,0
2014-05-08,239.157139392,18.4,0
2014-05-09,222.73595509399996,18.3,0
2014-05-10,202.47610431200002,16.3,0
2014-05-11,205.734782802,19.7,0
2014-05-12,231.33471114199997,19.9,0
2014-05-13,228.36958267999998,20.1,0
2014-05-14,219.667147468,20.2,0
2014-05-15,215.10934181399998,22.4,0
2014-05-16,204.493397012,22.8,0
2014-05-17,184.163675072,20.0,0
2014-05-18,193.396371104,21.4,0
2014-05-19,221.01175260800002,22.8,0
2014-05-20,225.90058477199997,21.6,0
2014-05-21,219.701671062,23.1,0
2014-05-22,224.23147753000003,20.9,0
2014-05-23,212.57405801800002,20.3,0
2014-05-24,191.78377647,17.1,0
2014-05-25,202.366010362,20.2,0
2014-05-26,226.178859834,21.7,0
2014-05-27,228.63344351,19.8,0
2014-05-28,233.00468179199999,18.0,0
2014-05-29,236.83413105999998,15.8,0
2014-05-30,219.27276177399997,17.7,0
2014-05-31,194.78175938,18.4,0
2014-06-01,213.51830920999998,14.9,0
2014-06-02,234.32450773,16.4,0
2014-06-03,233.968956476,16.4,0
2014-06-04,231.273146874,18.1,0
2014-06-05,236.231063588,16.7,0
2014-06-06,222.631408994,15.4,0
2014-06-07,197.05810887599998,16.8,0
2014-06-08,201.98891974400001,14.9,1
2014-06-09,216.22503989,15.4,1
2014-06-10,239.58871761,18.3,0
2014-06-11,239.69147752199999,16.2,0
2014-06-12,244.17876539399998,16.2,0
2014-06-13,226.97404015799998,16.5,0
2014-06-14,207.75474386,15.2,0
2014-06-15,215.25206780000002,16.0,0
2014-06-16,244.563762352,17.0,0
2014-06-17,244.186233182,15.8,0
2014-06-18,248.071158946,14.2,0
2014-06-19,251.21156706600001,12.2,0
2014-06-20,227.69534084999998,15.1,0
2014-06-21,208.215028772,15.0,0
2014-06-22,215.26332335,15.4,0
2014-06-23,255.31299686999998,14.4,0
2014-06-24,257.708475424,14.3,0
2014-06-25,245.740914734,15.7,0
2014-06-26,243.261908234,15.6,0
2014-06-27,232.11437257,14.5,0
2014-06-28,216.42111403200002,12.7,0
2014-06-29,234.71382443800002,11.0,0
2014-06-30,256.432113218,13.1,0
2014-07-01,253.9251,13.1,0
2014-07-02,245.274931238,16.6,0
2014-07-03,248.64400005800002,12.4,0
2014-07-04,236.72876267,12.4,0
2014-07-05,214.49168879400003,15.2,0
2014-07-06,224.737325388,13.9,0
2014-07-07,243.23068101,15.7,0
2014-07-08,243.67445227800002,14.3,0
2014-07-09,260.676781168,10.9,0
2014-07-10,256.621284534,14.7,0
2014-07-11,237.73922641399997,14.4,0
2014-07-12,226.09387785400003,11.1,0
2014-07-13,233.073068108,14.9,0
2014-07-14,259.807450852,13.1,0
2014-07-15,263.88294869800006,12.9,0
2014-07-16,252.25452363000002,14.6,0
2014-07-17,263.49409253000005,12.1,0
2014-07-18,242.60516364600002,13.8,0
2014-07-19,219.00054580600002,13.2,0
2014-07-20,230.301303674,13.2,0
2014-07-21,265.258000322,12.9,0
2014-07-22,269.01714364400004,12.2,0
2014-07-23,267.756203662,13.4,0
2014-07-24,264.2871976299999,14.9,0
2014-07-25,240.85071445199998,15.9,0
2014-07-26,219.15048975800002,14.9,0
2014-07-27,223.719294068,16.8,0
2014-07-28,240.774138444,16.7,0
2014-07-29,243.97745210199997,16.5,0
2014-07-30,237.34016401,18.9,0
2014-07-31,246.26827875599997,19.3,0
2014-08-01,256.30068694,9.8,0
2014-08-02,224.84826871,13.4,0
2014-08-03,234.939603274,14.2,0
2014-08-04,254.525906298,15.2,0
2014-08-05,246.16617552,16.5,0
2014-08-06,248.48675301400002,15.9,0
2014-08-07,250.243109892,13.6,0
2014-08-08,235.53396610999997,15.9,0
2014-08-09,209.87521425199998,14.6,0
2014-08-10,233.10678561199998,13.2,0
2014-08-11,264.149066888,12.7,0
2014-08-12,259.779932458,12.7,0
2014-08-13,251.804763794,14.5,0
2014-08-14,252.05590868599998,14.8,0
2014-08-15,233.290968636,16.9,0
2014-08-16,214.252497818,13.3,0
2014-08-17,222.42832252,15.7,0
2014-08-18,251.784771786,13.6,0
2014-08-19,249.25806705399998,13.3,0
2014-08-20,248.33458857399998,13.3,0
2014-08-21,240.84316542599998,17.4,0
2014-08-22,219.630928732,20.6,0
2014-08-23,194.989819022,19.9,0
2014-08-24,216.726150834,16.3,0
2014-08-25,242.55508014,16.1,0
2014-08-26,234.808219472,18.7,0
2014-08-27,233.872332688,19.5,0
2014-08-28,232.22615703399998,20.0,0
2014-08-29,220.455436476,15.0,0
2014-08-30,189.484267842,21.0,0
2014-08-31,199.40064235600002,21.0,0
2014-09-01,242.01761273199998,15.3,0
2014-09-02,240.054730926,16.1,0
2014-09-03,243.80701931000002,14.8,0
2014-09-04,241.085949472,15.9,0
2014-09-05,220.571616498,16.7,0
2014-09-06,192.111115122,18.9,0
2014-09-07,194.062181102,20.7,0
2014-09-08,218.767211296,20.8,0
2014-09-09,224.288837698,19.4,0
2014-09-10,222.13561076000002,19.1,0
2014-09-11,231.70787608799998,17.1,0
2014-09-12,221.33977348000002,15.9,0
2014-09-13,188.97309182800004,18.5,0
2014-09-14,196.517931574,20.1,0
2014-09-15,228.314273608,18.0,0
2014-09-16,237.274588706,14.8,0
2014-09-17,239.34871753800002,16.2,0
2014-09-18,239.856449784,13.8,0
2014-09-19,218.82054783,15.5,0
2014-09-20,195.10874757800002,16.8,0
2014-09-21,198.08130414199996,17.2,0
2014-09-22,215.99851629999998,23.0,0
2014-09-23,211.946945162,25.3,0
2014-09-24,216.62730603400001,23.5,0
2014-09-25,219.09164609599998,17.0,0
2014-09-26,205.88604539,19.3,0
2014-09-27,177.65673652000004,23.3,0
2014-09-28,187.45653941999998,27.9,0
2014-09-29,211.23906453,22.9,0
2014-09-30,223.37281082999996,23.8,0
2014-10-01,225.93294118000003,15.9,0
2014-10-02,221.51520713000002,17.4,0
2014-10-03,202.273690918,21.0,0
2014-10-04,177.770443796,26.2,0
2014-10-05,190.926224992,19.2,0
2014-10-06,222.06961249999998,25.0,0
2014-10-07,219.41252918400002,17.7,0
2014-10-08,221.1401845,18.7,0
2014-10-09,215.47315970600002,23.1,0
2014-10-10,202.452583772,24.9,0
2014-10-11,182.28602989999996,21.2,0
2014-10-12,195.26966442,27.5,0
2014-10-13,229.318270558,15.5,0
2014-10-14,229.538895258,16.9,0
2014-10-15,222.272500146,17.1,0
2014-10-16,224.645981322,16.7,0
2014-10-17,202.594066892,19.4,0
2014-10-18,185.11873869599998,24.2,0
2014-10-19,197.279106958,28.8,0
2014-10-20,216.41985405600002,20.6,0
2014-10-21,223.409684194,28.2,0
2014-10-22,233.13621633000002,31.1,0
2014-10-23,223.27596541200003,22.7,0
2014-10-24,218.285750496,30.4,0
2014-10-25,188.066247254,19.8,0
2014-10-26,194.571049822,24.5,0
2014-10-27,217.13821029,19.1,0
2014-10-28,221.338768582,19.7,0
2014-10-29,217.882085052,22.5,0
2014-10-30,218.43610897200003,21.8,0
2014-10-31,215.36587127,32.7,0
2014-11-01,185.613979384,17.2,0
2014-11-02,194.30142349,16.6,0
2014-11-03,192.38367014400004,24.5,1
2014-11-04,195.75699469199998,28.9,1
2014-11-05,209.441397058,17.8,0
2014-11-06,211.456204318,26.8,0
2014-11-07,220.607433958,32.8,0
2014-11-08,197.080374044,34.6,0
2014-11-09,189.809442916,19.4,0
2014-11-10,214.646248292,20.2,0
2014-11-11,216.709719342,18.8,0
2014-11-12,222.67389003200003,24.3,0
2014-11-13,242.88960426600002,30.6,0
2014-11-14,208.614905076,20.6,0
2014-11-15,185.78368340000003,18.0,0
2014-11-16,192.81484082600002,18.1,0
2014-11-17,210.470700144,20.1,0
2014-11-18,209.92141271199998,20.9,0
2014-11-19,221.43113014600002,29.6,0
2014-11-20,226.750940726,28.1,0
2014-11-21,205.537286248,23.0,0
2014-11-22,191.518064732,30.8,0
2014-11-23,201.54516429400002,25.0,0
2014-11-24,222.978848636,19.6,0
2014-11-25,214.31876520999998,21.8,0
2014-11-26,218.321456402,18.7,0
2014-11-27,214.60285475999999,19.4,0
2014-11-28,202.017012448,20.5,0
2014-11-29,189.653758108,25.9,0
2014-11-30,234.97033665999996,34.1,0
2014-12-01,237.81259238799998,29.0,0
2014-12-02,233.35741215,26.0,0
2014-12-03,227.03583550600004,23.5,0
2014-12-04,237.11863400000001,26.4,0
2014-12-05,212.851310106,21.2,0
2014-12-06,186.401961836,22.5,0
2014-12-07,197.754223932,19.0,0
2014-12-08,217.256016586,21.2,0
2014-12-09,217.39745378799998,20.8,0
2014-12-10,220.24329140599997,21.1,0
2014-12-11,214.41928393399996,22.1,0
2014-12-12,211.567787782,27.4,0
2014-12-13,207.39468176399998,31.2,0
2014-12-14,206.97635099800002,25.9,0
2014-12-15,231.923044018,23.4,0
2014-12-16,226.09376767,32.1,0
2014-12-17,215.50767707600002,23.4,0
2014-12-18,214.93402246,24.0,0
2014-12-19,197.129766534,19.9,0
2014-12-20,186.48689667000002,23.9,0
2014-12-21,216.48363169,33.3,0
2014-12-22,231.957371966,25.9,0
2014-12-23,210.444465956,26.7,0
2014-12-24,184.19715518200002,22.2,1
2014-12-25,165.398200578,23.4,1
2014-12-26,168.79712527200002,20.1,1
2014-12-27,173.292325672,22.2,0
2014-12-28,196.11622889199998,31.2,0
2014-12-29,188.57025829600002,26.2,0
2014-12-30,187.212226846,24.4,0
2014-12-31,104.963021342,25.5,0
